latitude,longitude,distance_from_last_marker,mile_marker_number
34.63774722,-84.19498077,1,1
34.64794036,-84.19366203,1,2
34.65200996,-84.19775983,1,3
34.66062364,-84.18791388,1,4
34.66711785,-84.17508644,1,5
34.66414031,-84.16482717,1,6
34.66304646,-84.15144118,1,7
34.66341219,-84.13808885,1,8
34.66368438,-84.12547819,1,9
34.65693535,-84.1121013,1,10
34.65384206,-84.10194795,1,11
34.6525495,-84.08748628,1,12
34.65750317,-84.07679301,1,13
34.65969945,-84.06522119,1,14
34.65773735,-84.05572443,1,15
34.65487235,-84.04495407,1,16
34.65258289,-84.03148377,1,17
34.66470023,-84.02584072,1,18
34.67295316,-84.01654372,1,19
34.6722731,-84.00369274,1,20
34.68245239,-83.9972184,1,21
34.69309787,-83.99215914,1,22
34.69958814,-83.98762889,1,23
34.70925856,-83.9847631,1,24
34.71768995,-83.97588975,1,25
34.7242379,-83.96817771,1,26
34.73103611,-83.95595918,1,27
34.74064329,-83.94602598,1,28
34.74062439,-83.93855429,1,29
34.7376017,-83.93220712,1,30
34.73813663,-83.9230222,1,31
34.73440282,-83.91235157,1,32
34.73206555,-83.9013258,1,33
34.72558494,-83.89138446,1,34
34.72384403,-83.87668377,1,35
34.72469406,-83.8625512,1,36
34.72483514,-83.85364858,1,37
34.72518485,-83.84174803,1,38
34.73033662,-83.83071352,1,39
34.74287758,-83.82675998,1,40
34.7537616,-83.8280313,1,41
34.76601081,-83.8308437,1,42
34.77491374,-83.8253351,1,43
34.78279771,-83.81791991,1,44
34.7938571,-83.81003909,1,45
34.8018893,-83.80504122,1,46
34.8100716,-83.81060849,1,47
34.81977448,-83.80006256,1,48
34.82174875,-83.78636143,1,49
34.81757411,-83.77568799,1,50
34.81432109,-83.76055841,1,51
34.80618809,-83.74946336,1,52
34.80206297,-83.74098372,1,53
34.80026799,-83.73197193,1,54
34.79441726,-83.72057217,1,55
34.79297687,-83.70540991,1,56
34.79723863,-83.69300977,1,57
34.80140825,-83.68370658,1,58
34.80608176,-83.66900735,1,59
34.81547885,-83.6577336,1,60
34.82639193,-83.65673506,1,61
34.83890934,-83.65928432,1,62
34.85152954,-83.65969809,1,63
34.86349512,-83.65590553,1,64
34.8759287,-83.65455476,1,65
34.88715862,-83.64706097,1,66
34.89371925,-83.63391775,1,67
34.89823297,-83.62736047,1,68
34.90825277,-83.62282959,1,69
34.91357308,-83.61154881,1,70
34.91468503,-83.59896391,1,71
34.92528442,-83.59994655,1,72
34.93844553,-83.6018035,1,73
34.94583599,-83.59126184,1,74
34.95512977,-83.59409876,1,75
34.96456755,-83.59402428,1,76
34.97653368,-83.59596113,1,77
34.98816408,-83.59929542,1,78
34.99632233,-83.59329228,1,79
35.00508262,-83.58451242,1,80
35.01564624,-83.58154572,1,81
35.02617923,-83.57493387,1,82
35.03390065,-83.56411088,1,83
35.04605287,-83.56476909,1,84
35.04249295,-83.55797251,1,85
35.04477563,-83.54867902,1,86
35.03928827,-83.54474733,1,87
35.03480914,-83.53674207,1,88
35.02351769,-83.52773955,1,89
35.01528196,-83.52228872,1,90
35.00801006,-83.5254917,1,91
35.00523556,-83.51600493,1,92
35.0022614,-83.50740856,1,93
35.00000722,-83.49566271,1,94
35.00641263,-83.48710888,1,95
35.00983769,-83.48069234,1,96
35.02253966,-83.47894295,1,97
35.02883757,-83.47704675,1,98
35.03842764,-83.47149222,1,99
35.04994687,-83.47326205,1,100
35.05949231,-83.47830488,1,101
35.06647906,-83.4879925,1,102
35.07066071,-83.49662852,1,103
35.07789804,-83.50594432,1,104
35.08283887,-83.51476221,1,105
35.08807667,-83.52207195,1,106
35.09728638,-83.52587049,1,107
35.10402094,-83.53408952,1,108
35.112369,-83.54321121,1,109
35.1181624,-83.54727552,1,110
35.12128843,-83.55417271,1,111
35.12643087,-83.55767266,1,112
35.13608131,-83.55839639,1,113
35.14056083,-83.57000146,1,114
35.14579824,-83.58143762,1,115
35.15077395,-83.58019434,1,116
35.16186747,-83.57810682,1,117
35.16961424,-83.58255467,1,118
35.17527828,-83.58060936,1,119
35.17718304,-83.56709133,1,120
35.18445284,-83.56106465,1,121
35.19451128,-83.5621159,1,122
35.20395076,-83.56770488,1,123
35.2134275,-83.56377428,1,124
35.21998371,-83.56232254,1,125
35.23002582,-83.56662446,1,126
35.23666928,-83.56079646,1,127
35.24689896,-83.56419892,1,128
35.25759418,-83.56880316,1,129
35.26677362,-83.57205923,1,130
35.27351213,-83.57708756,1,131
35.28037258,-83.58128945,1,132
35.28271807,-83.59169849,1,133
35.29201823,-83.594331,1,134
35.30275482,-83.59076337,1,135
35.31173485,-83.58751469,1,136
35.32297,-83.58751579,1,137
35.33018294,-83.59200133,1,138
35.3347533,-83.60150658,1,139
35.34139882,-83.60701401,1,140
35.3456277,-83.61881417,1,141
35.34113921,-83.63424308,1,142
35.33960567,-83.63710354,1,143
35.33714675,-83.6511629,1,144
35.33321647,-83.66368899,1,145
35.32821505,-83.6756358,1,146
35.32584015,-83.68759925,1,147
35.32969743,-83.69912769,1,148
35.33456825,-83.70411536,1,149
35.34248525,-83.7090596,1,150
35.35298346,-83.71660058,1,151
35.35775009,-83.71763123,1,152
35.36882795,-83.71536089,1,153
35.37404837,-83.72628359,1,154
35.37083557,-83.74003935,1,155
35.3764192,-83.75417511,1,156
35.38669825,-83.76045647,1,157
35.39728001,-83.76500693,1,158
35.40519436,-83.76632303,1,159
35.4118117,-83.7673792,1,160
35.41720963,-83.77282994,1,161
35.42044417,-83.78181023,1,162
35.4232926,-83.79698725,1,163
35.42835952,-83.79984148,1,164
35.43437523,-83.79776645,1,165
35.44075536,-83.79410109,1,166
35.44645494,-83.78950663,1,167
35.45076134,-83.79967817,1,168
35.45753161,-83.80881067,1,169
35.46530608,-83.81226831,1,170
35.47497165,-83.81025295,1,171
35.48459778,-83.81084735,1,172
35.48904069,-83.81541748,1,173
35.50189269,-83.81307669,1,174
35.51450815,-83.8112644,1,175
35.52453355,-83.81981809,1,176
35.53269912,-83.81078471,1,177
35.53968562,-83.80098327,1,178
35.54246927,-83.79783616,1,179
35.54964292,-83.78465227,1,180
35.55346436,-83.77552677,1,181
35.56226691,-83.77528138,1,182
35.56198368,-83.76040817,1,183
35.55986715,-83.7496911,1,184
35.56463965,-83.73882771,1,185
35.56231589,-83.7233789,1,186
35.56678311,-83.70946357,1,187
35.5693906,-83.69720922,1,188
35.56889572,-83.68337689,1,189
35.56958004,-83.66742217,1,190
35.56829988,-83.65195129,1,191
35.5677799,-83.63638268,1,192
35.57216446,-83.62240815,1,193
35.5791983,-83.60914057,1,194
35.57422337,-83.59845476,1,195
35.56667334,-83.58733254,1,196
35.56401664,-83.57465063,1,197
35.56505334,-83.56120015,1,198
35.56479411,-83.54532042,1,199
35.56497076,-83.52941347,1,200
35.56275264,-83.51456648,1,201
35.56340869,-83.49845194,1,202
35.56847307,-83.48529328,1,203
35.57867419,-83.47970823,1,204
35.58788113,-83.47277305,1,205
35.59282877,-83.46289974,1,206
35.60115556,-83.45559365,1,207
35.60976261,-83.44683129,1,208
35.61172399,-83.43384883,1,209
35.61160811,-83.42022943,1,210
35.61850377,-83.40965115,1,211
35.62334036,-83.39512157,1,212
35.63259864,-83.38616774,1,213
35.63841785,-83.37246525,1,214
35.64535819,-83.36100962,1,215
35.65602239,-83.35800005,1,216
35.66137166,-83.34635892,1,217
35.66491651,-83.33597362,1,218
35.66165618,-83.32037722,1,219
35.65293187,-83.30990287,1,220
35.65791822,-83.29728252,1,221
35.66909114,-83.29109459,1,222
35.67506595,-83.28312972,1,223
35.68208917,-83.26963412,1,224
35.68967273,-83.26193695,1,225
35.70033635,-83.25551002,1,226
35.70741309,-83.25940223,1,227
35.71668131,-83.25588883,1,228
35.724368,-83.24221578,1,229
35.72573567,-83.22725697,1,230
35.72353295,-83.214371,1,231
35.72566239,-83.19945995,1,232
35.72768344,-83.18521998,1,233
35.73731438,-83.18125381,1,234
35.74541183,-83.17449022,1,235
35.75548835,-83.16525844,1,236
35.76425452,-83.15884332,1,237
35.76290599,-83.14706415,1,238
35.76367683,-83.13523883,1,239
35.7712309,-83.12707415,1,240
35.76961045,-83.11586647,1,241
35.77810973,-83.11107728,1,242
35.78412787,-83.11131668,1,243
35.78147988,-83.10159531,1,244
35.7785763,-83.09335715,1,245
35.78356963,-83.08242186,1,246
35.78899276,-83.07508668,1,247
35.78723905,-83.06128955,1,248
35.78609259,-83.04623276,1,249
35.78709758,-83.03579281,1,250
35.78420609,-83.02712067,1,251
35.78130808,-83.01706711,1,252
35.77615552,-83.00520274,1,253
35.77321402,-82.99542116,1,254
35.77829247,-82.98256904,1,255
35.78791488,-82.97191436,1,256
35.7922513,-82.95959515,1,257
35.80011042,-82.95213745,1,258
35.80157607,-82.94707102,1,259
35.80770652,-82.94792517,1,260
35.81368007,-82.94361639,1,261
35.81986279,-82.93766729,1,262
35.8265604,-82.93602214,1,263
35.83705538,-82.938623,1,264
35.83862232,-82.92586663,1,265
35.83941574,-82.91614733,1,266
35.84471673,-82.90381818,1,267
35.8488514,-82.90107446,1,268
35.85380533,-82.89477817,1,269
35.85096149,-82.88378436,1,270
35.85476386,-82.87357754,1,271
35.86208535,-82.86967887,1,272
35.86855823,-82.87631702,1,273
35.87311643,-82.86403139,1,274
35.88260877,-82.85726097,1,275
35.88825927,-82.84522149,1,276
35.8884048,-82.83420912,1,277
35.89356996,-82.82532827,1,278
35.88954686,-82.81950817,1,279
35.88424871,-82.81015482,1,280
35.88751982,-82.79771895,1,281
35.89566878,-82.78850363,1,282
35.90503495,-82.79055217,1,283
35.91307684,-82.79152513,1,284
35.91729379,-82.79774794,1,285
35.92634712,-82.80301081,1,286
35.93446711,-82.80590833,1,287
35.94513239,-82.79875994,1,288
35.9522588,-82.78839032,1,289
35.96416162,-82.78422004,1,290
35.97303696,-82.77694472,1,291
35.98054339,-82.78678468,1,292
35.98848561,-82.78671205,1,293
35.99630513,-82.77783389,1,294
36.00159222,-82.76586118,1,295
36.00449844,-82.75394008,1,296
36.01160575,-82.74316298,1,297
36.01772018,-82.72996455,1,298
36.02214468,-82.71552818,1,299
36.02867291,-82.70831494,1,300
36.03428986,-82.69930351,1,301
36.04060601,-82.68652585,1,302
36.04893564,-82.67624316,1,303
36.05521131,-82.66241252,1,304
36.0587228,-82.64874374,1,305
36.065698,-82.63548206,1,306
36.06105925,-82.62434194,1,307
36.05197698,-82.61737141,1,308
36.04551716,-82.60779363,1,309
36.03994623,-82.60593567,1,310
36.03473591,-82.59611754,1,311
36.0250421,-82.60105492,1,312
36.01696502,-82.60890258,1,313
36.00790283,-82.60797846,1,314
35.99874621,-82.60544061,1,315
35.99224943,-82.60833373,1,316
35.98559409,-82.60610549,1,317
35.9730452,-82.61148568,1,318
35.96636768,-82.60947728,1,319
35.96506787,-82.59665603,1,320
35.96515458,-82.58166022,1,321
35.95775926,-82.57142501,1,322
35.95345691,-82.56139398,1,323
35.95764709,-82.55311406,1,324
35.96647291,-82.54319833,1,325
35.97172528,-82.53175894,1,326
35.97494662,-82.52026845,1,327
35.97844323,-82.50543564,1,328
35.98681699,-82.49464104,1,329
35.99217081,-82.48649701,1,330
35.99965278,-82.47617914,1,331
36.00716658,-82.4623584,1,332
36.01219955,-82.45130356,1,333
36.0170327,-82.44216221,1,334
36.02284645,-82.4290115,1,335
36.02618412,-82.42515035,1,336
36.03382066,-82.42026996,1,337
36.04391285,-82.4218083,1,338
36.04623851,-82.43333295,1,339
36.05487037,-82.43339614,1,340
36.06056936,-82.43508149,1,341
36.06789613,-82.43548802,1,342
36.07142084,-82.44547006,1,343
36.07727094,-82.45078537,1,344
36.08263657,-82.45946006,1,345
36.09303263,-82.45177925,1,346
36.09955181,-82.45076971,1,347
36.10569444,-82.45023581,1,348
36.09967122,-82.44129266,1,349
36.10371746,-82.42682622,1,350
36.10541011,-82.41411093,1,351
36.10378385,-82.40466046,1,352
36.10286584,-82.39309171,1,353
36.1046228,-82.38616281,1,354
36.11092811,-82.37795816,1,355
36.10746338,-82.37234263,1,356
36.11023768,-82.3612116,1,357
36.11727612,-82.34996842,1,358
36.11501947,-82.33860331,1,359
36.11904386,-82.32422996,1,360
36.12528695,-82.31184219,1,361
36.13048105,-82.30422854,1,362
36.13537064,-82.29001037,1,363
36.13228873,-82.28354139,1,364
36.12974493,-82.27503718,1,365
36.13051497,-82.26297224,1,366
36.13374315,-82.25226098,1,367
36.13544547,-82.2443009,1,368
36.14345872,-82.23407067,1,369
36.15236243,-82.22389594,1,370
36.15847485,-82.21330382,1,371
36.15390024,-82.19977564,1,372
36.15055638,-82.18697517,1,373
36.14273472,-82.17702887,1,374
36.1461031,-82.16432819,1,375
36.14894232,-82.15163797,1,376
36.15250113,-82.1448532,1,377
36.14373483,-82.14467037,1,378
36.13465587,-82.14134398,1,379
36.12859447,-82.13802947,1,380
36.12189423,-82.13709888,1,381
36.11277996,-82.13389744,1,382
36.10561758,-82.13104073,1,383
36.10522507,-82.11851969,1,384
36.10671154,-82.1129306,1,385
36.10590441,-82.10181774,1,386
36.10587501,-82.08614763,1,387
36.10847687,-82.07414061,1,388
36.11223078,-82.06262434,1,389
36.11911334,-82.05790386,1,390
36.12532475,-82.04686648,1,391
36.12162221,-82.03202113,1,392
36.1280543,-82.02646434,1,393
36.13754197,-82.016645,1,394
36.13733049,-82.00278098,1,395
36.14326466,-82.00835557,1,396
36.15393381,-82.01419766,1,397
36.16053304,-82.01447691,1,398
36.16921375,-82.01083599,1,399
36.17809462,-82.01159857,1,400
36.18513786,-82.01124654,1,401
36.19250843,-82.0062846,1,402
36.19991055,-82.00116506,1,403
36.2070543,-81.99316427,1,404
36.20508691,-81.9833348,1,405
36.20424991,-81.97629875,1,406
36.21217218,-81.97507467,1,407
36.21880246,-81.97930646,1,408
36.22204677,-81.98935159,1,409
36.22028546,-82.00171727,1,410
36.22303083,-82.01204448,1,411
36.21995458,-82.022288,1,412
36.21923009,-82.0327171,1,413
36.22298784,-82.04126233,1,414
36.22166609,-82.04983854,1,415
36.21566789,-82.06074165,1,416
36.21670484,-82.07290015,1,417
36.22069158,-82.08646137,1,418
36.22285632,-82.09933551,1,419
36.22821302,-82.11392936,1,420
36.23552659,-82.11836473,1,421
36.24352845,-82.12334597,1,422
36.25288015,-82.12210659,1,423
36.25826317,-82.12558651,1,424
36.26907293,-82.12753256,1,425
36.27493985,-82.1348634,1,426
36.28283393,-82.14117045,1,427
36.28362309,-82.13704788,1,428
36.28381189,-82.13194129,1,429
36.27924991,-82.12272228,1,430
36.28580152,-82.11893343,1,431
36.2938788,-82.1199352,1,432
36.29671132,-82.12618389,1,433
36.30297152,-82.13145089,1,434
36.31080053,-82.13038246,1,435
36.31724768,-82.12516795,1,436
36.32572104,-82.11623036,1,437
36.32974529,-82.11028224,1,438
36.33330704,-82.10076491,1,439
36.34180501,-82.08737022,1,440
36.35116884,-82.0763427,1,441
36.36068143,-82.0660005,1,442
36.36982772,-82.0550601,1,443
36.37973573,-82.0443619,1,444
36.38960788,-82.0333794,1,445
36.40025085,-82.02454879,1,446
36.41020107,-82.013667,1,447
36.42041525,-82.00647018,1,448
36.42884178,-81.99535118,1,449
36.43948427,-81.98645269,1,450
36.45055391,-81.97720828,1,451
36.46162085,-81.96708075,1,452
36.46935929,-81.95503834,1,453
36.47844995,-81.959581,1,454
36.48747372,-81.96925945,1,455
36.49706035,-81.97942849,1,456
36.50439569,-81.98501732,1,457
36.51299599,-81.97826393,1,458
36.52446065,-81.9712633,1,459
36.5340721,-81.96046074,1,460
36.54032366,-81.94798399,1,461
36.54977485,-81.93633318,1,462
36.55997194,-81.93174045,1,463
36.57054471,-81.92399466,1,464
36.57766603,-81.9097002,1,465
36.58027108,-81.89697172,1,466
36.58338169,-81.88090618,1,467
36.59379567,-81.87531417,1,468
36.60378631,-81.86649139,1,469
36.60325564,-81.85104727,1,470
36.60749072,-81.83828134,1,471
36.61396874,-81.826498,1,472
36.6176217,-81.81153427,1,473
36.62564718,-81.8008233,1,474
36.63090144,-81.79554648,1,475
36.6349273,-81.78883475,1,476
36.62853421,-81.77625506,1,477
36.63321711,-81.7735371,1,478
36.63785863,-81.76337817,1,479
36.64286379,-81.75143531,1,480
36.64686323,-81.74111821,1,481
36.64135093,-81.73754565,1,482
36.63316962,-81.72813492,1,483
36.63028965,-81.71730196,1,484
36.63344386,-81.71520235,1,485
36.6405352,-81.70772927,1,486
36.64750845,-81.6979316,1,487
36.65140982,-81.68882327,1,488
36.65373405,-81.68166146,1,489
36.64849371,-81.67555732,1,490
36.64959493,-81.66483041,1,491
36.64302462,-81.66177568,1,492
36.64423067,-81.65022467,1,493
36.63662083,-81.64598128,1,494
36.63952002,-81.63867948,1,495
36.6327136,-81.62940325,1,496
36.63421679,-81.62067074,1,497
36.63213573,-81.60583104,1,498
36.64048646,-81.59975629,1,499
36.63975035,-81.58685824,1,500
36.64942808,-81.57807008,1,501
36.65721558,-81.56620645,1,502
36.6563321,-81.55412147,1,503
36.6511853,-81.54310425,1,504
36.65523742,-81.5336567,1,505
36.6561246,-81.5213897,1,506
36.64581116,-81.51578455,1,507
36.64045893,-81.50781614,1,508
36.64411549,-81.50651344,1,509
36.65506243,-81.49806472,1,510
36.65094198,-81.48611414,1,511
36.65963478,-81.48023702,1,512
36.67084124,-81.48788595,1,513
36.67752109,-81.4977655,1,514
36.67744064,-81.51006929,1,515
36.68407894,-81.51103218,1,516
36.69231067,-81.5069932,1,517
36.69946541,-81.50721275,1,518
36.70293627,-81.52133153,1,519
36.70976578,-81.51832211,1,520
36.71501061,-81.50895352,1,521
36.71861401,-81.50826391,1,522
36.71608623,-81.49554634,1,523
36.72008359,-81.48308343,1,524
36.71591257,-81.47507219,1,525
36.719515,-81.46250827,1,526
36.72825353,-81.46364261,1,527
36.73108444,-81.47672219,1,528
36.73949997,-81.4726169,1,529
36.74715433,-81.47993934,1,530
36.75241004,-81.49009484,1,531
36.75988392,-81.49454903,1,532
36.76894805,-81.48885755,1,533
36.77042093,-81.49292378,1,534
36.77762109,-81.48900616,1,535
36.78510886,-81.47550427,1,536
36.79144303,-81.4615238,1,537
36.79921788,-81.44940835,1,538
36.80197456,-81.43913317,1,539
36.80815226,-81.42468248,1,540
36.81466074,-81.41075299,1,541
36.81801932,-81.39497409,1,542
36.82113708,-81.37885059,1,543
36.82974257,-81.37326002,1,544
36.83918885,-81.37265816,1,545
36.8418495,-81.35629656,1,546
36.8476661,-81.36091148,1,547
36.85819741,-81.36120209,1,548
36.86890867,-81.35696364,1,549
36.87924069,-81.36055623,1,550
36.88415443,-81.3656063,1,551
36.88746851,-81.37135004,1,552
36.89764889,-81.36980868,1,553
36.90709754,-81.37441861,1,554
36.91784197,-81.37553421,1,555
36.92275034,-81.36256274,1,556
36.93385614,-81.36503812,1,557
36.94389032,-81.36396478,1,558
36.95279048,-81.36716763,1,559
36.95452986,-81.37413556,1,560
36.95208361,-81.38696327,1,561
36.95929478,-81.39469989,1,562
36.97058426,-81.39389853,1,563
36.97698129,-81.39919671,1,564
36.98615767,-81.40735295,1,565
36.99410911,-81.4071824,1,566
37.00013764,-81.40309895,1,567
37.00379492,-81.40542463,1,568
37.00610932,-81.41646944,1,569
37.01166414,-81.41865345,1,570
37.01663605,-81.42877312,1,571
37.02443307,-81.42641599,1,572
37.03566583,-81.42536365,1,573
37.04199897,-81.4291421,1,574
37.04806157,-81.42075193,1,575
37.05398111,-81.40567498,1,576
37.05607545,-81.39219666,1,577
37.05453573,-81.37719856,1,578
37.05783797,-81.36351519,1,579
37.06136552,-81.34713911,1,580
37.06668201,-81.33151197,1,581
37.07189252,-81.31619798,1,582
37.07879357,-81.30245654,1,583
37.08489825,-81.28769969,1,584
37.08622607,-81.27545352,1,585
37.09045033,-81.26214569,1,586
37.09199489,-81.24969938,1,587
37.08528678,-81.24130887,1,588
37.09260323,-81.22923476,1,589
37.10258303,-81.2197354,1,590
37.10489766,-81.20521699,1,591
37.10435503,-81.19760554,1,592
37.10905509,-81.19574768,1,593
37.11444684,-81.18434308,1,594
37.11954565,-81.1742417,1,595
37.12679837,-81.16439681,1,596
37.13181096,-81.15496139,1,597
37.13564846,-81.14208198,1,598
37.13860153,-81.12940139,1,599
37.1402833,-81.11422889,1,600
37.13405285,-81.10426302,1,601
37.13403451,-81.09085768,1,602
37.12705749,-81.07850236,1,603
37.13141842,-81.06318195,1,604
37.13377645,-81.04710371,1,605
37.13955973,-81.03261193,1,606
37.14750444,-81.01882348,1,607
37.14873938,-81.00838601,1,608
37.15791924,-80.99839499,1,609
37.16072243,-80.98358225,1,610
37.15396809,-80.97712155,1,611
37.15605629,-80.96250198,1,612
37.15494998,-80.95509253,1,613
37.15733142,-80.9418251,1,614
37.15978271,-80.92575799,1,615
37.16539361,-80.9133381,1,616
37.16671383,-80.90271147,1,617
37.17324546,-80.90291473,1,618
37.18285681,-80.8979414,1,619
37.19201447,-80.88984109,1,620
37.19729546,-80.88100149,1,621
37.20330287,-80.86840093,1,622
37.21118476,-80.85685488,1,623
37.21924703,-80.84695238,1,624
37.22323021,-80.83184479,1,625
37.22755597,-80.81699122,1,626
37.23433215,-80.80502955,1,627
37.24131639,-80.81597084,1,628
37.24356646,-80.83174104,1,629
37.24527558,-80.84790784,1,630
37.24191703,-80.86272001,1,631
37.25187533,-80.86271603,1,632
37.25843236,-80.85282011,1,633
37.26125693,-80.83799553,1,634
37.26989466,-80.83574436,1,635
37.27785324,-80.82323943,1,636
37.28383188,-80.80904511,1,637
37.28933583,-80.79944177,1,638
37.29293625,-80.78516458,1,639
37.30094466,-80.77109356,1,640
37.30950779,-80.75817868,1,641
37.31914492,-80.75610134,1,642
37.3231193,-80.75258134,1,643
37.32968191,-80.75390292,1,644
37.33687688,-80.75618364,1,645
37.34674173,-80.75368777,1,646
37.35204298,-80.74660832,1,647
37.35862264,-80.75741824,1,648
37.36423871,-80.75092444,1,649
37.3713337,-80.74759995,1,650
37.37359695,-80.75125169,1,651
37.37655051,-80.75628828,1,652
37.38133442,-80.74211526,1,653
37.38656417,-80.72724182,1,654
37.39170554,-80.71280036,1,655
37.3987933,-80.69825549,1,656
37.40533757,-80.68323502,1,657
37.41244577,-80.66856984,1,658
37.41917012,-80.6540085,1,659
37.4259897,-80.63979492,1,660
37.43309498,-80.62741396,1,661
37.43662824,-80.6158935,1,662
37.43022315,-80.61445949,1,663
37.42327156,-80.60931801,1,664
37.42300039,-80.60317437,1,665
37.41789962,-80.59306385,1,666
37.41067185,-80.58511946,1,667
37.40124631,-80.58106549,1,668
37.40167127,-80.56892108,1,669
37.40416537,-80.55284334,1,670
37.40946499,-80.53834947,1,671
37.41244459,-80.52217529,1,672
37.41602248,-80.50644606,1,673
37.41647306,-80.49152747,1,674
37.40532906,-80.49041166,1,675
37.40220087,-80.48234203,1,676
37.39975395,-80.47254334,1,677
37.38833287,-80.47093954,1,678
37.38003357,-80.46225769,1,679
37.37589,-80.45069174,1,680
37.37231027,-80.43980008,1,681
37.36001305,-80.44207399,1,682
37.35496229,-80.42920964,1,683
37.36078708,-80.41886286,1,684
37.36043132,-80.40575867,1,685
37.35485815,-80.39604918,1,686
37.35159134,-80.38103157,1,687
37.34798967,-80.36994202,1,688
37.34411489,-80.36300005,1,689
37.35082575,-80.34782752,1,690
37.35958831,-80.33547498,1,691
37.36966788,-80.32369719,1,692
37.37826848,-80.31018857,1,693
37.38528839,-80.29557841,1,694
37.39003361,-80.28010005,1,695
37.3871726,-80.26879779,1,696
37.38205062,-80.26003153,1,697
37.37922991,-80.24781472,1,698
37.37593775,-80.24840158,1,699
37.36390289,-80.24518499,1,700
37.35868138,-80.2386435,1,701
37.3651239,-80.22404819,1,702
37.37057875,-80.20855749,1,703
37.37943608,-80.20029235,1,704
37.38770252,-80.19853204,1,705
37.39140958,-80.19580174,1,706
37.38464982,-80.18514853,1,707
37.38769204,-80.18387007,1,708
37.38993375,-80.16872636,1,709
37.37870139,-80.16483322,1,710
37.36633745,-80.17107233,1,711
37.36555449,-80.1684089,1,712
37.37207655,-80.15695269,1,713
37.37085831,-80.14769002,1,714
37.36228948,-80.14188321,1,715
37.35623627,-80.13365468,1,716
37.3631546,-80.12394378,1,717
37.37160537,-80.11064017,1,718
37.37769625,-80.09818727,1,719
37.38253534,-80.08385578,1,720
37.38646692,-80.06794401,1,721
37.38742549,-80.05573399,1,722
37.39120804,-80.04344748,1,723
37.39130167,-80.03500066,1,724
37.39165248,-80.02060454,1,725
37.40035013,-80.00806416,1,726
37.41139642,-79.9995348,1,727
37.42281663,-79.99598758,1,728
37.43501469,-79.99898225,1,729
37.44017487,-79.99494684,1,730
37.4326981,-79.98328568,1,731
37.43096373,-79.97050368,1,732
37.4234675,-79.95917103,1,733
37.4156992,-79.95498046,1,734
37.41424138,-79.94227315,1,735
37.40494817,-79.93567493,1,736
37.39348049,-79.93330309,1,737
37.38255128,-79.92905872,1,738
37.38654865,-79.92251288,1,739
37.39120001,-79.90991602,1,740
37.39936338,-79.90006795,1,741
37.40358587,-79.8886071,1,742
37.39850699,-79.87804674,1,743
37.39878492,-79.87001829,1,744
37.39738839,-79.86280481,1,745
37.39928009,-79.85192641,1,746
37.40272387,-79.83791272,1,747
37.40895525,-79.82352211,1,748
37.41704397,-79.81716475,1,749
37.417248,-79.80440677,1,750
37.42358234,-79.79251156,1,751
37.41862426,-79.78421361,1,752
37.42110781,-79.77287953,1,753
37.42571961,-79.76202126,1,754
37.43142364,-79.75014143,1,755
37.43912662,-79.73687288,1,756
37.44800667,-79.72464259,1,757
37.45479657,-79.71213845,1,758
37.4647277,-79.70185782,1,759
37.47456187,-79.69191526,1,760
37.48098616,-79.67891234,1,761
37.48759182,-79.66933893,1,762
37.48411459,-79.66323407,1,763
37.49278391,-79.65094223,1,764
37.50274846,-79.65494831,1,765
37.51507603,-79.64926733,1,766
37.52527951,-79.63876925,1,767
37.52906239,-79.63161134,1,768
37.52898994,-79.62312166,1,769
37.5308916,-79.61283239,1,770
37.53196034,-79.59854087,1,771
37.53557497,-79.59041014,1,772
37.52793271,-79.58444348,1,773
37.52568037,-79.57691674,1,774
37.51967229,-79.56566575,1,775
37.51410512,-79.55758388,1,776
37.50240961,-79.55482309,1,777
37.49505738,-79.54597298,1,778
37.50341784,-79.53718943,1,779
37.50945573,-79.53095301,1,780
37.51007703,-79.51978392,1,781
37.51711435,-79.51232529,1,782
37.52499091,-79.50458387,1,783
37.53411785,-79.49736788,1,784
37.5430356,-79.48595387,1,785
37.54888679,-79.47307425,1,786
37.55543795,-79.46756583,1,787
37.55834904,-79.45787299,1,788
37.56243686,-79.44443943,1,789
37.56980824,-79.44118511,1,790
37.57622318,-79.43823418,1,791
37.57991667,-79.4491833,1,792
37.58789979,-79.45417146,1,793
37.59068942,-79.44398621,1,794
37.59449409,-79.4298182,1,795
37.59971394,-79.41438489,1,796
37.60299173,-79.4000008,1,797
37.5949936,-79.39060577,1,798
37.6043077,-79.38922068,1,799
37.61221301,-79.39183331,1,800
37.62034293,-79.39772561,1,801
37.62574573,-79.40220224,1,802
37.63371697,-79.39159453,1,803
37.64330727,-79.37929536,1,804
37.64801208,-79.36680996,1,805
37.6557422,-79.35851784,1,806
37.65873863,-79.3481308,1,807
37.66730899,-79.34398554,1,808
37.67506379,-79.33635501,1,809
37.67679109,-79.3248717,1,810
37.67241691,-79.31044624,1,811
37.67338216,-79.29827442,1,812
37.67473505,-79.28439396,1,813
37.66696938,-79.27978814,1,814
37.6758575,-79.27569527,1,815
37.68360946,-79.2731159,1,816
37.69320962,-79.27249406,1,817
37.70483521,-79.26760986,1,818
37.71627049,-79.26274574,1,819
37.72302913,-79.2526059,1,820
37.72693453,-79.24404713,1,821
37.73202599,-79.23278241,1,822
37.7399671,-79.22295242,1,823
37.74810259,-79.21380633,1,824
37.75103119,-79.20622362,1,825
37.75693828,-79.19402569,1,826
37.76508339,-79.19192584,1,827
37.77348785,-79.18347521,1,828
37.78394698,-79.17830593,1,829
37.79105513,-79.17239353,1,830
37.79964733,-79.16825955,1,831
37.80497597,-79.1612074,1,832
37.81258648,-79.15391395,1,833
37.81919577,-79.15578082,1,834
37.822946,-79.14311574,1,835
37.82658831,-79.13378939,1,836
37.82959784,-79.1213224,1,837
37.8292552,-79.10620699,1,838
37.82552233,-79.0933264,1,839
37.82542446,-79.08167043,1,840
37.81887412,-79.07058918,1,841
37.82154024,-79.05498257,1,842
37.82550199,-79.04326245,1,843
37.82815128,-79.03608492,1,844
37.83483325,-79.03054384,1,845
37.83933406,-79.02104882,1,846
37.85054207,-79.01658925,1,847
37.85396916,-79.00624665,1,848
37.85034624,-78.99845545,1,849
37.84514933,-78.99563286,1,850
37.85430283,-78.98731681,1,851
37.86097729,-78.98488072,1,852
37.86651276,-78.99602645,1,853
37.87747478,-78.99185471,1,854
37.88805608,-78.994043,1,855
37.89764377,-78.98766329,1,856
37.90885013,-78.97842574,1,857
37.91962604,-78.97002611,1,858
37.93016093,-78.96256499,1,859
37.93913722,-78.95028071,1,860
37.94311293,-78.9381964,1,861
37.94012443,-78.9254695,1,862
37.94624558,-78.91213016,1,863
37.94819137,-78.89914516,1,864
37.95819886,-78.90206542,1,865
37.9591741,-78.89500225,1,866
37.96091034,-78.89040956,1,867
37.96658618,-78.89515647,1,868
37.97689999,-78.88564022,1,869
37.98277836,-78.88458504,1,870
37.98640021,-78.87874645,1,871
37.99426791,-78.88001541,1,872
38.00612153,-78.87655171,1,873
38.01596377,-78.87180364,1,874
38.02487799,-78.86067531,1,875
38.03574328,-78.85695564,1,876
38.04436639,-78.84513311,1,877
38.05322736,-78.83303734,1,878
38.06014509,-78.82095948,1,879
38.06405297,-78.80582575,1,880
38.07218373,-78.79339648,1,881
38.07783889,-78.79282439,1,882
38.08369841,-78.78000688,1,883
38.09402001,-78.78009661,1,884
38.1052176,-78.77866219,1,885
38.11386769,-78.78356493,1,886
38.12207627,-78.78779162,1,887
38.13083487,-78.77994713,1,888
38.14060089,-78.77581585,1,889
38.15356012,-78.77408075,1,890
38.16476591,-78.77260542,1,891
38.17372113,-78.76917692,1,892
38.1808905,-78.76257925,1,893
38.19132185,-78.75653267,1,894
38.19998695,-78.75174279,1,895
38.21104416,-78.74665177,1,896
38.22003048,-78.73938781,1,897
38.22855416,-78.72782938,1,898
38.23667753,-78.71452046,1,899
38.24551077,-78.70601132,1,900
38.24836512,-78.69063863,1,901
38.25463066,-78.67818892,1,902
38.24329824,-78.67212023,1,903
38.25267469,-78.663083,1,904
38.26057826,-78.65476065,1,905
38.2669749,-78.654488,1,906
38.27301184,-78.6620446,1,907
38.28420453,-78.65871252,1,908
38.29543014,-78.65103247,1,909
38.29065144,-78.63861077,1,910
38.29772648,-78.63209446,1,911
38.30136426,-78.61816672,1,912
38.30612778,-78.60997521,1,913
38.31440115,-78.60104276,1,914
38.32097779,-78.5922285,1,915
38.32270708,-78.58213527,1,916
38.32759786,-78.57009821,1,917
38.33255665,-78.55667271,1,918
38.33743755,-78.54669657,1,919
38.34505955,-78.55264386,1,920
38.35538508,-78.54802917,1,921
38.36514819,-78.5406164,1,922
38.3670418,-78.52749782,1,923
38.37906951,-78.52218685,1,924
38.38521426,-78.51191323,1,925
38.39357173,-78.5039513,1,926
38.40387906,-78.4956432,1,927
38.4131145,-78.48708498,1,928
38.42625877,-78.48323777,1,929
38.4379145,-78.47687264,1,930
38.44735452,-78.46741312,1,931
38.45425554,-78.46378382,1,932
38.46545143,-78.45631749,1,933
38.47690816,-78.45199259,1,934
38.48895098,-78.44491475,1,935
38.49808787,-78.44483276,1,936
38.51070651,-78.44733023,1,937
38.52153098,-78.44278367,1,938
38.53310403,-78.43862485,1,939
38.53199001,-78.42773831,1,940
38.54155623,-78.4177117,1,941
38.54958272,-78.40978393,1,942
38.55665268,-78.39712869,1,943
38.56121934,-78.38423571,1,944
38.57466714,-78.38465096,1,945
38.58497239,-78.38582009,1,946
38.59274081,-78.37612376,1,947
38.60258346,-78.36762905,1,948
38.61070115,-78.36450312,1,949
38.61629143,-78.35251132,1,950
38.62386005,-78.34356032,1,951
38.6252999,-78.33170136,1,952
38.63204845,-78.32532058,1,953
38.64235907,-78.3201042,1,954
38.64975253,-78.31422655,1,955
38.65662509,-78.31932864,1,956
38.66692496,-78.32013581,1,957
38.67867702,-78.32034268,1,958
38.68801383,-78.3162247,1,959
38.69696378,-78.32178121,1,960
38.70459504,-78.33215337,1,961
38.71666796,-78.32712138,1,962
38.72940697,-78.3218929,1,963
38.7429353,-78.32047011,1,964
38.74087387,-78.30948817,1,965
38.74396456,-78.29745265,1,966
38.75349144,-78.28955449,1,967
38.7622989,-78.27849638,1,968
38.76009263,-78.26597403,1,969
38.7586521,-78.25150579,1,970
38.7641911,-78.23664582,1,971
38.76820692,-78.2252507,1,972
38.77496714,-78.21153889,1,973
38.7790733,-78.198081,1,974
38.78797241,-78.18914187,1,975
38.79777941,-78.18110776,1,976
38.80789929,-78.18100503,1,977
38.81719425,-78.17862869,1,978
38.82330819,-78.17045487,1,979
38.83581859,-78.16395759,1,980
38.84615334,-78.16190987,1,981
38.85256223,-78.16476455,1,982
38.86144633,-78.16459338,1,983
38.87069749,-78.15581088,1,984
38.87706231,-78.14492531,1,985
38.87896011,-78.12966516,1,986
38.88108003,-78.11780582,1,987
38.88023509,-78.10253995,1,988
38.88829635,-78.09010688,1,989
38.89074739,-78.07904361,1,990
38.89859682,-78.06989404,1,991
38.9024799,-78.05525913,1,992
38.91157214,-78.05229266,1,993
38.92116742,-78.04689153,1,994
38.92785184,-78.03577982,1,995
38.93918131,-78.03373522,1,996
38.9481806,-78.02809356,1,997
38.95759857,-78.01683692,1,998
38.96556449,-78.00753606,1,999
38.97241923,-77.99848763,1,1000
38.98539628,-77.99846503,1,1001
38.99533115,-77.99068097,1,1002
39.00425959,-77.97953772,1,1003
39.01400464,-77.97221882,1,1004
39.01994018,-77.96426499,1,1005
39.02909733,-77.95807585,1,1006
39.03668464,-77.95056126,1,1007
39.04543648,-77.94505402,1,1008
39.05487501,-77.9381907,1,1009
39.05922033,-77.92864842,1,1010
39.06627314,-77.91862312,1,1011
39.07182718,-77.91055595,1,1012
39.07385505,-77.89989001,1,1013
39.0840948,-77.89764718,1,1014
39.09198001,-77.8874186,1,1015
39.0986999,-77.87526582,1,1016
39.10813492,-77.86659642,1,1017
39.11220267,-77.85600689,1,1018
39.12087513,-77.85261455,1,1019
39.1312945,-77.849361,1,1020
39.13988773,-77.84037393,1,1021
39.1444976,-77.8301172,1,1022
39.15265767,-77.82080231,1,1023
39.16445724,-77.81288702,1,1024
39.17593251,-77.80515571,1,1025
39.18883053,-77.80030801,1,1026
39.20113268,-77.79641262,1,1027
39.21294508,-77.78984927,1,1028
39.22491584,-77.78264056,1,1029
39.2360069,-77.77270482,1,1030
39.24823298,-77.76745668,1,1031
39.25935159,-77.76575766,1,1032
39.26939937,-77.75619552,1,1033
39.28234817,-77.75309916,1,1034
39.2953907,-77.74707079,1,1035
39.30757704,-77.73966624,1,1036
39.3134161,-77.74023002,1,1037
39.32118869,-77.74279627,1,1038
39.32324846,-77.72986131,1,1039
39.3249319,-77.71312173,1,1040
39.32369931,-77.6954341,1,1041
39.32980105,-77.68251594,1,1042
39.33322625,-77.67810579,1,1043
39.34355156,-77.67332381,1,1044
39.35583679,-77.66517499,1,1045
39.36800964,-77.65728871,1,1046
39.38072221,-77.65053417,1,1047
39.39363885,-77.64516599,1,1048
39.40613738,-77.63959075,1,1049
39.4193607,-77.63995599,1,1050
39.43291377,-77.63854847,1,1051
39.44509822,-77.63363904,1,1052
39.44804803,-77.62301927,1,1053
39.45946749,-77.62700661,1,1054
39.46900206,-77.62188592,1,1055
39.47996896,-77.61925867,1,1056
39.48900644,-77.61421051,1,1057
39.49862244,-77.62109467,1,1058
39.50988453,-77.62104823,1,1059
39.52249579,-77.61512038,1,1060
39.53287376,-77.60910074,1,1061
39.54053832,-77.5991026,1,1062
39.55306598,-77.59230166,1,1063
39.56511461,-77.59756929,1,1064
39.57321466,-77.59014846,1,1065
39.58485323,-77.58286974,1,1066
39.59758404,-77.5781774,1,1067
39.61071733,-77.57588464,1,1068
39.62348417,-77.56920173,1,1069
39.63021641,-77.55850397,1,1070
39.63314115,-77.54875984,1,1071
39.63941612,-77.54045841,1,1072
39.65161606,-77.54306251,1,1073
39.6618073,-77.53467251,1,1074
39.66996959,-77.53139045,1,1075
39.68192079,-77.52353861,1,1076
39.69349855,-77.52299398,1,1077
39.69761113,-77.52625338,1,1078
39.70838688,-77.51701717,1,1079
39.71856843,-77.50761881,1,1080
39.72425893,-77.49622511,1,1081
39.73442515,-77.48951897,1,1082
39.74682057,-77.48996472,1,1083
39.75868672,-77.49044,1,1084
39.77031997,-77.4814043,1,1085
39.78286918,-77.48052243,1,1086
39.79459672,-77.48259096,1,1087
39.80450575,-77.47804409,1,1088
39.81705479,-77.47426255,1,1089
39.82592444,-77.48150429,1,1090
39.83550607,-77.49058957,1,1091
39.8397732,-77.50538454,1,1092
39.84969579,-77.51071154,1,1093
39.86247498,-77.50586464,1,1094
39.87478676,-77.49964265,1,1095
39.88725089,-77.49391782,1,1096
39.89953306,-77.48998669,1,1097
39.90894211,-77.4847779,1,1098
39.91995659,-77.48534481,1,1099
39.93222601,-77.4867541,1,1100
39.943084,-77.48611561,1,1101
39.95339357,-77.48460023,1,1102
39.96342816,-77.47692622,1,1103
39.97472703,-77.46792954,1,1104
39.97643694,-77.45185589,1,1105
39.97720571,-77.43861981,1,1106
39.98503914,-77.42474468,1,1107
39.99194191,-77.41324105,1,1108
40.00113549,-77.40217422,1,1109
40.00958434,-77.38952854,1,1110
40.01799343,-77.38140538,1,1111
40.02759749,-77.37146349,1,1112
40.02913252,-77.35811719,1,1113
40.03806839,-77.35111067,1,1114
40.03935829,-77.33433164,1,1115
40.03435778,-77.32023331,1,1116
40.03195572,-77.3078618,1,1117
40.02891967,-77.292594,1,1118
40.02739089,-77.27839723,1,1119
40.029742,-77.26122046,1,1120
40.03348786,-77.24832648,1,1121
40.04404768,-77.23781649,1,1122
40.05411259,-77.22672284,1,1123
40.06331595,-77.21453404,1,1124
40.07237419,-77.20434985,1,1125
40.0801817,-77.19011539,1,1126
40.08545577,-77.17570801,1,1127
40.09278065,-77.16660906,1,1128
40.09287533,-77.15279689,1,1129
40.09386312,-77.1384124,1,1130
40.09894358,-77.12321417,1,1131
40.10694461,-77.11277912,1,1132
40.11607094,-77.1027222,1,1133
40.12547933,-77.10569614,1,1134
40.13577877,-77.11383256,1,1135
40.14556525,-77.11862184,1,1136
40.15153929,-77.1228151,1,1137
40.16295204,-77.11970602,1,1138
40.176157,-77.11968452,1,1139
40.18587313,-77.10890727,1,1140
40.19785978,-77.10837996,1,1141
40.20837115,-77.11368123,1,1142
40.21734816,-77.10577071,1,1143
40.2277365,-77.10662525,1,1144
40.23802973,-77.10535444,1,1145
40.24884157,-77.10223768,1,1146
40.26001401,-77.10335201,1,1147
40.27233713,-77.09944662,1,1148
40.28384697,-77.0939484,1,1149
40.29577738,-77.08851405,1,1150
40.30171556,-77.08889435,1,1151
40.31136798,-77.0826502,1,1152
40.31988975,-77.08007491,1,1153
40.3309722,-77.0812936,1,1154
40.33795895,-77.09078057,1,1155
40.34404022,-77.10103267,1,1156
40.35390898,-77.08840424,1,1157
40.36208785,-77.07454205,1,1158
40.36886826,-77.0586445,1,1159
40.37439275,-77.04215963,1,1160
40.38150144,-77.03241716,1,1161
40.39121557,-77.03113982,1,1162
40.40196209,-77.01946863,1,1163
40.39593765,-77.00839531,1,1164
40.38673867,-77.01748303,1,1165
40.38924771,-77.00637214,1,1166
40.39463211,-76.99137068,1,1167
40.39968655,-76.97472866,1,1168
40.40400816,-76.95773231,1,1169
40.40880917,-76.94084223,1,1170
40.41265181,-76.92420517,1,1171
40.41800198,-76.90750667,1,1172
40.42266517,-76.89078705,1,1173
40.42736916,-76.87366409,1,1174
40.43247595,-76.85709364,1,1175
40.43840113,-76.84057363,1,1176
40.44368951,-76.82389117,1,1177
40.44971863,-76.80767045,1,1178
40.45558043,-76.79149917,1,1179
40.45565215,-76.78277697,1,1180
40.44862631,-76.77218274,1,1181
40.44715237,-76.75521482,1,1182
40.45088891,-76.73781362,1,1183
40.45479655,-76.72052091,1,1184
40.45450856,-76.70702595,1,1185
40.46219719,-76.6918903,1,1186
40.46950597,-76.67656696,1,1187
40.47586357,-76.66097983,1,1188
40.4821207,-76.64463192,1,1189
40.48893512,-76.63004592,1,1190
40.49659099,-76.61551503,1,1191
40.50266298,-76.60067693,1,1192
40.49579132,-76.5904782,1,1193
40.49656269,-76.57402986,1,1194
40.50358787,-76.55981514,1,1195
40.49297273,-76.55338899,1,1196
40.4806409,-76.5498554,1,1197
40.48011016,-76.53584171,1,1198
40.48234742,-76.52798511,1,1199
40.4847918,-76.51528819,1,1200
40.49097651,-76.49901619,1,1201
40.49458921,-76.4816138,1,1202
40.49624671,-76.46489537,1,1203
40.49638871,-76.44703578,1,1204
40.49500583,-76.4294457,1,1205
40.49749667,-76.41184277,1,1206
40.50245426,-76.39500908,1,1207
40.50668612,-76.37775378,1,1208
40.51055083,-76.36092405,1,1209
40.5114239,-76.34381316,1,1210
40.51712568,-76.32933046,1,1211
40.51558572,-76.31390385,1,1212
40.50893415,-76.31005691,1,1213
40.50976978,-76.29738605,1,1214
40.50874056,-76.2815309,1,1215
40.51292149,-76.27154264,1,1216
40.51979094,-76.26097664,1,1217
40.52414141,-76.2456392,1,1218
40.5259031,-76.22881571,1,1219
40.52760372,-76.21217726,1,1220
40.52790453,-76.19672498,1,1221
40.53370294,-76.18346895,1,1222
40.53104405,-76.16684257,1,1223
40.53756947,-76.15674759,1,1224
40.54673811,-76.14891435,1,1225
40.55348673,-76.1362504,1,1226
40.55791695,-76.11984779,1,1227
40.55259363,-76.10892545,1,1228
40.54613634,-76.1002876,1,1229
40.5506508,-76.08406214,1,1230
40.55727598,-76.0712432,1,1231
40.56259986,-76.05505355,1,1232
40.56887095,-76.03941846,1,1233
40.57690631,-76.02693875,1,1234
40.57440604,-76.01985127,1,1235
40.58123226,-76.0128191,1,1236
40.58212388,-75.99533918,1,1237
40.58380884,-75.97871218,1,1238
40.58788433,-75.96386717,1,1239
40.58915937,-75.94646589,1,1240
40.59239176,-75.93108103,1,1241
40.59667573,-75.93148682,1,1242
40.60309795,-75.92880622,1,1243
40.61103441,-75.91477814,1,1244
40.61237001,-75.926529,1,1245
40.60626733,-75.94229391,1,1246
40.60604076,-75.96002312,1,1247
40.61411453,-75.9611978,1,1248
40.62750805,-75.95798527,1,1249
40.63748934,-75.95904683,1,1250
40.64928966,-75.95508567,1,1251
40.65660786,-75.95505255,1,1252
40.66045862,-75.93892029,1,1253
40.6635455,-75.92133316,1,1254
40.67037977,-75.90565904,1,1255
40.67664572,-75.89172948,1,1256
40.68327155,-75.87638297,1,1257
40.68652727,-75.85937417,1,1258
40.69347391,-75.84370479,1,1259
40.70002027,-75.82795895,1,1260
40.70533559,-75.81172413,1,1261
40.71319411,-75.79788755,1,1262
40.72194793,-75.78454316,1,1263
40.72989086,-75.77129896,1,1264
40.73598454,-75.75604795,1,1265
40.74307412,-75.74071269,1,1266
40.75314195,-75.72956326,1,1267
40.75879366,-75.71329063,1,1268
40.76649536,-75.70111096,1,1269
40.77253629,-75.68632835,1,1270
40.77718126,-75.6696663,1,1271
40.77971272,-75.65202058,1,1272
40.78172212,-75.63659133,1,1273
40.78489622,-75.62095567,1,1274
40.78106214,-75.61264847,1,1275
40.78588026,-75.60342807,1,1276
40.79181579,-75.59303931,1,1277
40.79892634,-75.57955589,1,1278
40.80357626,-75.56321214,1,1279
40.80616853,-75.54677567,1,1280
40.80690338,-75.53084512,1,1281
40.80857582,-75.51436089,1,1282
40.81013698,-75.49803036,1,1283
40.81268478,-75.480519,1,1284
40.81710893,-75.46396187,1,1285
40.81927005,-75.44745478,1,1286
40.82155524,-75.43174353,1,1287
40.82507091,-75.4149291,1,1288
40.82840808,-75.39850556,1,1289
40.83019159,-75.38261671,1,1290
40.83613183,-75.36695919,1,1291
40.84341487,-75.35277619,1,1292
40.84744559,-75.33646287,1,1293
40.85506226,-75.3213335,1,1294
40.85863337,-75.30448009,1,1295
40.86107332,-75.29389911,1,1296
40.86828675,-75.28085302,1,1297
40.87800391,-75.27225944,1,1298
40.88898687,-75.26597773,1,1299
40.89718295,-75.25138626,1,1300
40.90878107,-75.24480881,1,1301
40.91517116,-75.22939877,1,1302
40.92619093,-75.22023561,1,1303
40.93361164,-75.20732798,1,1304
40.93617173,-75.19013464,1,1305
40.94387466,-75.17686455,1,1306
40.94855363,-75.16190075,1,1307
40.9518805,-75.14505617,1,1308
40.95880377,-75.12918299,1,1309
40.96810945,-75.13511346,1,1310
40.97722922,-75.13955544,1,1311
40.97802285,-75.13598639,1,1312
40.97104592,-75.12423302,1,1313
40.98040286,-75.11803021,1,1314
40.98767591,-75.10538741,1,1315
40.99626007,-75.09279753,1,1316
41.00179071,-75.07771769,1,1317
41.00748565,-75.06302421,1,1318
41.01268075,-75.04744147,1,1319
41.01862488,-75.03107862,1,1320
41.02417613,-75.01483571,1,1321
41.03246286,-75.00339398,1,1322
41.03769359,-74.98818399,1,1323
41.0462316,-74.97405027,1,1324
41.05608088,-74.96364155,1,1325
41.06300315,-74.95508776,1,1326
41.07110274,-74.94031546,1,1327
41.07932888,-74.92552315,1,1328
41.08911732,-74.91251799,1,1329
41.0992688,-74.90062163,1,1330
41.11114374,-74.89715802,1,1331
41.11999431,-74.88506716,1,1332
41.12916896,-74.872893,1,1333
41.13588793,-74.86292146,1,1334
41.14564902,-74.8514602,1,1335
41.15152522,-74.83603569,1,1336
41.15847782,-74.82102304,1,1337
41.16544162,-74.80580822,1,1338
41.17309445,-74.79161725,1,1339
41.18117176,-74.7831406,1,1340
41.18454531,-74.77020852,1,1341
41.19532545,-74.75926515,1,1342
41.20346968,-74.74504826,1,1343
41.21149792,-74.73060885,1,1344
41.21977805,-74.71685799,1,1345
41.23111366,-74.7075943,1,1346
41.24088266,-74.69663309,1,1347
41.25121572,-74.68659553,1,1348
41.25869392,-74.6807747,1,1349
41.26841584,-74.6794674,1,1350
41.2782611,-74.6817319,1,1351
41.28993789,-74.6747671,1,1352
41.30063637,-74.67363147,1,1353
41.31187065,-74.66628498,1,1354
41.3170314,-74.65750276,1,1355
41.32769871,-74.64697948,1,1356
41.32608603,-74.63375549,1,1357
41.32043728,-74.62007498,1,1358
41.31607048,-74.60730109,1,1359
41.31009486,-74.5921442,1,1360
41.30276537,-74.57860761,1,1361
41.29766845,-74.5642882,1,1362
41.28722846,-74.5548389,1,1363
41.28707858,-74.54078989,1,1364
41.2833506,-74.53215258,1,1365
41.27301327,-74.53189629,1,1366
41.2710937,-74.51947555,1,1367
41.26396838,-74.51140997,1,1368
41.25806631,-74.50258437,1,1369
41.24746901,-74.49694527,1,1370
41.23845943,-74.48590607,1,1371
41.23610997,-74.47358973,1,1372
41.22658245,-74.46516993,1,1373
41.21769688,-74.45181252,1,1374
41.21282223,-74.44552468,1,1375
41.21575656,-74.43129096,1,1376
41.21369002,-74.41667974,1,1377
41.20328573,-74.40961233,1,1378
41.20164732,-74.3945295,1,1379
41.19934892,-74.37815254,1,1380
41.19534436,-74.36573628,1,1381
41.19418718,-74.35212903,1,1382
41.19287324,-74.34151635,1,1383
41.20040803,-74.32842615,1,1384
41.20907597,-74.31759962,1,1385
41.22091746,-74.31070495,1,1386
41.23135249,-74.29999954,1,1387
41.24106576,-74.28847387,1,1388
41.25266386,-74.2810324,1,1389
41.26203179,-74.26999354,1,1390
41.27402612,-74.26299583,1,1391
41.27301275,-74.25282368,1,1392
41.26930887,-74.23968044,1,1393
41.27458189,-74.22612346,1,1394
41.26866071,-74.21869365,1,1395
41.26581217,-74.20584757,1,1396
41.26497338,-74.19313784,1,1397
41.26810466,-74.18281645,1,1398
41.27206088,-74.16939897,1,1399
41.26633017,-74.15721823,1,1400
41.26019675,-74.14703058,1,1401
41.25870665,-74.13470571,1,1402
41.26449188,-74.12178907,1,1403
41.26325921,-74.10768175,1,1404
41.27150536,-74.09661682,1,1405
41.28173021,-74.08764437,1,1406
41.29109734,-74.0792025,1,1407
41.28219548,-74.07342945,1,1408
41.27710827,-74.06295486,1,1409
41.28245458,-74.05083217,1,1410
41.28269937,-74.03800324,1,1411
41.2920997,-74.03301774,1,1412
41.30160659,-74.034089,1,1413
41.30253114,-74.02328062,1,1414
41.29970215,-74.01821601,1,1415
41.30756239,-74.01136818,1,1416
41.31239773,-74.00909161,1,1417
41.30925002,-74.00451099,1,1418
41.31296882,-73.99546094,1,1419
41.31894137,-73.98931653,1,1420
41.32333409,-73.97410218,1,1421
41.32562008,-73.959608,1,1422
41.33287573,-73.950758,1,1423
41.34255044,-73.94076636,1,1424
41.35448636,-73.93536392,1,1425
41.34932768,-73.92409965,1,1426
41.35870932,-73.91459509,1,1427
41.37013926,-73.90634523,1,1428
41.37839332,-73.89801491,1,1429
41.38515235,-73.88667746,1,1430
41.39119307,-73.87684327,1,1431
41.40368206,-73.87523251,1,1432
41.40955818,-73.88143449,1,1433
41.42016362,-73.87373262,1,1434
41.42183361,-73.8587126,1,1435
41.43231186,-73.84774801,1,1436
41.44411649,-73.84419316,1,1437
41.4527936,-73.83818948,1,1438
41.46391753,-73.8353161,1,1439
41.4731898,-73.82654391,1,1440
41.48327781,-73.82073155,1,1441
41.49588962,-73.81510797,1,1442
41.50816587,-73.8116663,1,1443
41.5145252,-73.80142902,1,1444
41.51243777,-73.78739702,1,1445
41.52081985,-73.77533811,1,1446
41.53201497,-73.76679812,1,1447
41.54049436,-73.75485529,1,1448
41.54366014,-73.7410827,1,1449
41.54312028,-73.72979812,1,1450
41.54379875,-73.71448886,1,1451
41.55348874,-73.70414177,1,1452
41.56226691,-73.69491261,1,1453
41.56847716,-73.68533691,1,1454
41.57552737,-73.6722809,1,1455
41.58635018,-73.66376675,1,1456
41.59451984,-73.65690743,1,1457
41.59794269,-73.64747412,1,1458
41.60829107,-73.64131438,1,1459
41.6097462,-73.62530055,1,1460
41.6052901,-73.61753794,1,1461
41.60377548,-73.60137717,1,1462
41.60031114,-73.59395323,1,1463
41.59392895,-73.58543973,1,1464
41.59849117,-73.57380584,1,1465
41.60954571,-73.56592161,1,1466
41.61938505,-73.56137408,1,1467
41.62868539,-73.55156947,1,1468
41.63450961,-73.54099717,1,1469
41.63796257,-73.52876706,1,1470
41.64163407,-73.51871941,1,1471
41.65145234,-73.51643422,1,1472
41.66172628,-73.5124569,1,1473
41.66712311,-73.50627135,1,1474
41.67510246,-73.51343089,1,1475
41.68393991,-73.51424418,1,1476
41.68215005,-73.52317728,1,1477
41.69359657,-73.51963664,1,1478
41.6974987,-73.50955872,1,1479
41.70339723,-73.50168522,1,1480
41.71549084,-73.50248103,1,1481
41.72493595,-73.49429497,1,1482
41.73021271,-73.48990196,1,1483
41.7334522,-73.48193084,1,1484
41.74317807,-73.47375127,1,1485
41.74902824,-73.47474985,1,1486
41.75492939,-73.46613133,1,1487
41.7583591,-73.45332825,1,1488
41.76610865,-73.44353274,1,1489
41.77241549,-73.42762966,1,1490
41.78183012,-73.41501341,1,1491
41.79386239,-73.40596835,1,1492
41.80474003,-73.39569011,1,1493
41.8149863,-73.39052085,1,1494
41.82393315,-73.38710991,1,1495
41.83600824,-73.38947433,1,1496
41.84377277,-73.38732944,1,1497
41.85344982,-73.38277778,1,1498
41.86273443,-73.38941239,1,1499
41.87355589,-73.38959094,1,1500
41.88165115,-73.39282571,1,1501
41.89251414,-73.40193058,1,1502
41.90359468,-73.39699445,1,1503
41.91501527,-73.39089575,1,1504
41.9169528,-73.37974872,1,1505
41.92218052,-73.36753206,1,1506
41.93052444,-73.36321229,1,1507
41.94140747,-73.36232626,1,1508
41.95063686,-73.36891843,1,1509
41.96102139,-73.37379601,1,1510
41.9713281,-73.37660082,1,1511
41.97851508,-73.38403758,1,1512
41.97966678,-73.39535645,1,1513
41.97650035,-73.40100502,1,1514
41.98486641,-73.4059432,1,1515
41.99323613,-73.41221083,1,1516
41.99412952,-73.4241416,1,1517
42.00030751,-73.43416769,1,1518
42.00693816,-73.44336915,1,1519
42.01239474,-73.45171161,1,1520
42.02430248,-73.45348146,1,1521
42.03580663,-73.4555379,1,1522
42.04779095,-73.45299755,1,1523
42.05248847,-73.4459011,1,1524
42.05854231,-73.43664199,1,1525
42.07073004,-73.43459876,1,1526
42.08289139,-73.43226498,1,1527
42.0935071,-73.43575794,1,1528
42.10327435,-73.43147084,1,1529
42.11254248,-73.42996877,1,1530
42.12461795,-73.42871396,1,1531
42.1364376,-73.43529952,1,1532
42.14180364,-73.4349163,1,1533
42.14532065,-73.42042077,1,1534
42.14524256,-73.40374472,1,1535
42.14706296,-73.38823812,1,1536
42.15064324,-73.3768021,1,1537
42.1541056,-73.36471492,1,1538
42.14406285,-73.35974878,1,1539
42.14534039,-73.34480453,1,1540
42.15535041,-73.34004561,1,1541
42.15452774,-73.33108533,1,1542
42.15850113,-73.3244188,1,1543
42.16494241,-73.31655392,1,1544
42.16844386,-73.30400194,1,1545
42.17643375,-73.29113699,1,1546
42.188621,-73.29013047,1,1547
42.19760557,-73.28412972,1,1548
42.20206344,-73.27459552,1,1549
42.20915616,-73.26328413,1,1550
42.21767892,-73.25745464,1,1551
42.22724295,-73.25196892,1,1552
42.23671522,-73.24663973,1,1553
42.2439943,-73.23838819,1,1554
42.24835208,-73.22933094,1,1555
42.25084455,-73.21859135,1,1556
42.24458463,-73.2102381,1,1557
42.23446264,-73.2035421,1,1558
42.23829164,-73.18882493,1,1559
42.24819581,-73.18075427,1,1560
42.25698213,-73.17988254,1,1561
42.26789218,-73.18372334,1,1562
42.27707797,-73.18161244,1,1563
42.2816241,-73.17663706,1,1564
42.28157812,-73.16362881,1,1565
42.28661648,-73.16916987,1,1566
42.28958372,-73.15692831,1,1567
42.29595714,-73.14947925,1,1568
42.30533558,-73.15034399,1,1569
42.31289921,-73.16360181,1,1570
42.31801738,-73.16717886,1,1571
42.32927003,-73.16845048,1,1572
42.33883495,-73.16220937,1,1573
42.35071073,-73.16036264,1,1574
42.36099281,-73.15279434,1,1575
42.37135572,-73.14844843,1,1576
42.38193903,-73.151112,1,1577
42.3930268,-73.15610436,1,1578
42.40284445,-73.14978112,1,1579
42.41345638,-73.15458967,1,1580
42.42552598,-73.15435663,1,1581
42.43680644,-73.15815149,1,1582
42.4481621,-73.16381324,1,1583
42.45815861,-73.16166135,1,1584
42.4635609,-73.16500101,1,1585
42.46939129,-73.15916456,1,1586
42.47758176,-73.16617069,1,1587
42.48493169,-73.18103145,1,1588
42.49521369,-73.17516513,1,1589
42.50581019,-73.16857976,1,1590
42.51687109,-73.16031531,1,1591
42.52786204,-73.15588247,1,1592
42.53813817,-73.14697349,1,1593
42.55040827,-73.14790576,1,1594
42.55929335,-73.15480141,1,1595
42.56965637,-73.15862584,1,1596
42.57649987,-73.16999155,1,1597
42.58322949,-73.17593904,1,1598
42.59442155,-73.17644886,1,1599
42.60563508,-73.18367198,1,1600
42.61534096,-73.18994546,1,1601
42.62643615,-73.18140015,1,1602
42.63413373,-73.17076527,1,1603
42.64343116,-73.1621603,1,1604
42.6561117,-73.15870575,1,1605
42.66804975,-73.1582004,1,1606
42.66986943,-73.1720304,1,1607
42.68080653,-73.16740586,1,1608
42.68696476,-73.15981714,1,1609
42.69914294,-73.1561058,1,1610
42.70943536,-73.14868749,1,1611
42.72068971,-73.15389373,1,1612
42.73093661,-73.1592366,1,1613
42.74275802,-73.15588081,1,1614
42.74820023,-73.14398909,1,1615
42.75904055,-73.13702793,1,1616
42.77089929,-73.13474457,1,1617
42.78050558,-73.12543877,1,1618
42.79032374,-73.11901069,1,1619
42.80309981,-73.1168948,1,1620
42.81423589,-73.12150668,1,1621
42.82744002,-73.12385823,1,1622
42.83897323,-73.11814862,1,1623
42.84741509,-73.10933135,1,1624
42.85263179,-73.12514137,1,1625
42.86461195,-73.13082248,1,1626
42.87601764,-73.1271646,1,1627
42.88602156,-73.12010571,1,1628
42.88546027,-73.10887249,1,1629
42.89005916,-73.09544838,1,1630
42.90218633,-73.09191059,1,1631
42.91256554,-73.08205698,1,1632
42.92304297,-73.0734876,1,1633
42.93409094,-73.0674132,1,1634
42.94267047,-73.06426099,1,1635
42.95533021,-73.0607894,1,1636
42.96779982,-73.0570272,1,1637
42.97447176,-73.06990764,1,1638
42.98526469,-73.06854825,1,1639
42.99710107,-73.06776408,1,1640
43.00586566,-73.05746297,1,1641
43.01245893,-73.04530216,1,1642
43.02142561,-73.0366147,1,1643
43.03130366,-73.04237951,1,1644
43.0329202,-73.02945905,1,1645
43.04097254,-73.02050302,1,1646
43.05132452,-73.01162155,1,1647
43.05484462,-72.99811229,1,1648
43.05186458,-72.98221893,1,1649
43.05700199,-72.97035036,1,1650
43.06262524,-72.95993542,1,1651
43.06911298,-72.94671113,1,1652
43.07698387,-72.93568927,1,1653
43.08437994,-72.92600084,1,1654
43.09147871,-72.93318847,1,1655
43.09909491,-72.94467574,1,1656
43.10221915,-72.96022289,1,1657
43.11365762,-72.96516258,1,1658
43.12278198,-72.97651204,1,1659
43.1330162,-72.97180293,1,1660
43.14358794,-72.98027191,1,1661
43.15002644,-72.99417995,1,1662
43.15548838,-73.0063616,1,1663
43.16824308,-72.99886453,1,1664
43.18071089,-72.99387835,1,1665
43.19171367,-72.98635343,1,1666
43.19998791,-72.97665452,1,1667
43.21049112,-72.96869055,1,1668
43.22010591,-72.95758962,1,1669
43.2256401,-72.94857949,1,1670
43.23268493,-72.93726274,1,1671
43.24598435,-72.93795521,1,1672
43.25722133,-72.93811644,1,1673
43.26720916,-72.94292382,1,1674
43.27883803,-72.93701187,1,1675
43.29174616,-72.93913744,1,1676
43.29680831,-72.94586947,1,1677
43.30393483,-72.95830442,1,1678
43.31594625,-72.95293387,1,1679
43.32312314,-72.9646328,1,1680
43.33428966,-72.96016257,1,1681
43.34588996,-72.95286491,1,1682
43.35931778,-72.94931821,1,1683
43.36528939,-72.94783537,1,1684
43.37179102,-72.96158027,1,1685
43.38347631,-72.95773663,1,1686
43.39686184,-72.95495428,1,1687
43.40753454,-72.94703092,1,1688
43.41681486,-72.93883847,1,1689
43.42470634,-72.94476463,1,1690
43.43601874,-72.94516396,1,1691
43.44189156,-72.93479688,1,1692
43.45006315,-72.93819073,1,1693
43.45908899,-72.93424765,1,1694
43.46658808,-72.93657167,1,1695
43.47719569,-72.93514245,1,1696
43.48567273,-72.92557516,1,1697
43.49806183,-72.9252493,1,1698
43.51027774,-72.92686442,1,1699
43.52249908,-72.92445661,1,1700
43.5243109,-72.9132645,1,1701
43.52802621,-72.89801417,1,1702
43.53075539,-72.88402087,1,1703
43.53765034,-72.8722988,1,1704
43.54168908,-72.85905377,1,1705
43.5529325,-72.85593568,1,1706
43.56231498,-72.85204151,1,1707
43.57028438,-72.83843286,1,1708
43.58096323,-72.82903227,1,1709
43.58951882,-72.81828322,1,1710
43.59918544,-72.82169598,1,1711
43.61018906,-72.82214037,1,1712
43.62178241,-72.82303854,1,1713
43.63328275,-72.82982687,1,1714
43.63895689,-72.84470896,1,1715
43.64736132,-72.85323581,1,1716
43.65703001,-72.85205474,1,1717
43.66904112,-72.84944459,1,1718
43.67514465,-72.83684295,1,1719
43.66919059,-72.82346627,1,1720
43.67492647,-72.81178001,1,1721
43.67351412,-72.79636386,1,1722
43.67898935,-72.78770925,1,1723
43.67990896,-72.77694478,1,1724
43.68760024,-72.77027238,1,1725
43.69430407,-72.75614294,1,1726
43.69098496,-72.74176857,1,1727
43.69283094,-72.72677799,1,1728
43.68964629,-72.71556927,1,1729
43.68557035,-72.70029661,1,1730
43.68827366,-72.68943149,1,1731
43.69228221,-72.68012692,1,1732
43.68583782,-72.66999601,1,1733
43.68168726,-72.65871448,1,1734
43.67870445,-72.64418389,1,1735
43.6692752,-72.63628562,1,1736
43.65886695,-72.63104844,1,1737
43.66079065,-72.61534044,1,1738
43.6596265,-72.60086564,1,1739
43.65533278,-72.58536853,1,1740
43.65493474,-72.57331144,1,1741
43.65959624,-72.56275539,1,1742
43.66746675,-72.55754579,1,1743
43.67527364,-72.55075611,1,1744
43.67878245,-72.53739408,1,1745
43.68113179,-72.52834174,1,1746
43.67930108,-72.5151289,1,1747
43.68755434,-72.50699819,1,1748
43.68745795,-72.49296534,1,1749
43.69178432,-72.47825107,1,1750
43.70117953,-72.47140327,1,1751
43.70498924,-72.46123707,1,1752
43.7081887,-72.44886887,1,1753
43.70124093,-72.43844703,1,1754
43.71100086,-72.43188015,1,1755
43.71237072,-72.4173527,1,1756
43.72125096,-72.40818795,1,1757
43.71918188,-72.393163,1,1758
43.72762602,-72.381087,1,1759
43.72532717,-72.36486429,1,1760
43.7174246,-72.35482158,1,1761
43.71261347,-72.34047342,1,1762
43.70768718,-72.32859636,1,1763
43.70959474,-72.3158436,1,1764
43.70601377,-72.3063498,1,1765
43.70166658,-72.28925087,1,1766
43.69863855,-72.27503945,1,1767
43.7045894,-72.26136497,1,1768
43.70166523,-72.2511139,1,1769
43.70312985,-72.23819281,1,1770
43.705349,-72.22225197,1,1771
43.70381258,-72.20939381,1,1772
43.70905957,-72.19568721,1,1773
43.71619635,-72.180887,1,1774
43.71703403,-72.16362033,1,1775
43.7187978,-72.14667765,1,1776
43.72821647,-72.14995461,1,1777
43.73779393,-72.13760765,1,1778
43.74978707,-72.13321373,1,1779
43.7527189,-72.12463509,1,1780
43.76430515,-72.12129737,1,1781
43.77259334,-72.10923236,1,1782
43.7834348,-72.10823331,1,1783
43.79265163,-72.0986658,1,1784
43.79445704,-72.0817147,1,1785
43.79962974,-72.06926244,1,1786
43.80857018,-72.06291403,1,1787
43.82031229,-72.05927274,1,1788
43.82662996,-72.0443988,1,1789
43.8274271,-72.03129793,1,1790
43.84026737,-72.02930633,1,1791
43.85346988,-72.03161894,1,1792
43.86365197,-72.03879292,1,1793
43.86794034,-72.02989276,1,1794
43.87682822,-72.0337825,1,1795
43.88431746,-72.02379661,1,1796
43.88695325,-72.01550127,1,1797
43.88541876,-72.00098013,1,1798
43.89608529,-71.9898886,1,1799
43.90417299,-71.97870033,1,1800
43.91458403,-71.97026,1,1801
43.92271893,-71.95850659,1,1802
43.93564728,-71.95504224,1,1803
43.94666751,-71.94959666,1,1804
43.95687364,-71.94394085,1,1805
43.96851871,-71.93679968,1,1806
43.97942247,-71.9275126,1,1807
43.98709342,-71.91804241,1,1808
43.98549283,-71.90261292,1,1809
43.9906072,-71.89439704,1,1810
43.99743825,-71.88424624,1,1811
44.00057634,-71.86773988,1,1812
44.00468054,-71.85167683,1,1813
44.01275993,-71.84082941,1,1814
44.0239162,-71.83118713,1,1815
44.03105981,-71.823286,1,1816
44.03094172,-71.81090656,1,1817
44.03804474,-71.79920546,1,1818
44.04334408,-71.78626876,1,1819
44.04988572,-71.77319672,1,1820
44.06030991,-71.76851868,1,1821
44.07017518,-71.75953535,1,1822
44.07673966,-71.75091896,1,1823
44.08871923,-71.75352854,1,1824
44.09826267,-71.75289309,1,1825
44.10449715,-71.74124591,1,1826
44.11371416,-71.74425272,1,1827
44.12305102,-71.73681321,1,1828
44.13515616,-71.73581775,1,1829
44.14041724,-71.7226854,1,1830
44.13760487,-71.70610556,1,1831
44.12978316,-71.70434039,1,1832
44.1210433,-71.69082584,1,1833
44.11021356,-71.68171856,1,1834
44.11200565,-71.66999438,1,1835
44.11442731,-71.65697227,1,1836
44.11917702,-71.64296435,1,1837
44.13154947,-71.64762559,1,1838
44.14346299,-71.64369449,1,1839
44.15645464,-71.64420976,1,1840
44.16889657,-71.64380707,1,1841
44.17875603,-71.63385102,1,1842
44.18559252,-71.621379,1,1843
44.18992255,-71.60795584,1,1844
44.19344269,-71.59242376,1,1845
44.19020048,-71.57818947,1,1846
44.18796705,-71.56165051,1,1847
44.18073492,-71.55028957,1,1848
44.17200758,-71.53682582,1,1849
44.17344982,-71.52621385,1,1850
44.17978233,-71.51273513,1,1851
44.18375665,-71.49804185,1,1852
44.19452974,-71.49611358,1,1853
44.18837402,-71.48469556,1,1854
44.17541184,-71.47788557,1,1855
44.17025556,-71.46250188,1,1856
44.17471251,-71.44542947,1,1857
44.175753,-71.42786417,1,1858
44.17481937,-71.40981877,1,1859
44.16665528,-71.39578462,1,1860
44.17104442,-71.38702018,1,1861
44.17643142,-71.37320838,1,1862
44.18115262,-71.38381055,1,1863
44.19171356,-71.38749031,1,1864
44.19919119,-71.38218457,1,1865
44.2081872,-71.37621426,1,1866
44.21821114,-71.37199633,1,1867
44.22777848,-71.364779,1,1868
44.2354609,-71.35193962,1,1869
44.24416022,-71.33973463,1,1870
44.25294481,-71.32700217,1,1871
44.25959614,-71.31590596,1,1872
44.27000124,-71.3067648,1,1873
44.27918134,-71.31410513,1,1874
44.29219616,-71.31739782,1,1875
44.30465096,-71.31171592,1,1876
44.31574561,-71.30638645,1,1877
44.32421543,-71.29195905,1,1878
44.32887808,-71.27604069,1,1879
44.32231044,-71.26239941,1,1880
44.3109215,-71.25714673,1,1881
44.30364572,-71.26255556,1,1882
44.29187402,-71.25610501,1,1883
44.28027769,-71.25345121,1,1884
44.26737219,-71.25293289,1,1885
44.25578473,-71.25165645,1,1886
44.24626136,-71.24839194,1,1887
44.24778224,-71.23384738,1,1888
44.25089658,-71.21847005,1,1889
44.25353249,-71.20251396,1,1890
44.26179702,-71.19794654,1,1891
44.26472965,-71.18493319,1,1892
44.27417237,-71.17394002,1,1893
44.28360803,-71.17388118,1,1894
44.29578638,-71.17455056,1,1895
44.306786,-71.16732015,1,1896
44.3169488,-71.1605445,1,1897
44.32673615,-71.14979979,1,1898
44.33316701,-71.13928181,1,1899
44.33999351,-71.13160676,1,1900
44.34762959,-71.12116647,1,1901
44.35609178,-71.11287853,1,1902
44.36821196,-71.11300977,1,1903
44.3804395,-71.10726972,1,1904
44.39275029,-71.10655784,1,1905
44.40233757,-71.11367972,1,1906
44.40328231,-71.12669334,1,1907
44.40766124,-71.14020036,1,1908
44.4167031,-71.14971853,1,1909
44.42334033,-71.15638763,1,1910
44.43459692,-71.15552701,1,1911
44.43820239,-71.14246985,1,1912
44.44080455,-71.12648721,1,1913
44.44216796,-71.11015649,1,1914
44.44409502,-71.09388682,1,1915
44.45111441,-71.08327131,1,1916
44.45354351,-71.07009114,1,1917
44.4617506,-71.06047878,1,1918
44.46598889,-71.04763067,1,1919
44.4754643,-71.03985995,1,1920
44.48329073,-71.02871874,1,1921
44.48673379,-71.01254098,1,1922
44.49609986,-71.0021884,1,1923
44.50285457,-70.99172806,1,1924
44.51320904,-70.98911298,1,1925
44.52306144,-70.98213372,1,1926
44.53387143,-70.98229033,1,1927
44.54160977,-70.98603306,1,1928
44.55021349,-70.97712591,1,1929
44.55951712,-70.97493678,1,1930
44.5668648,-70.96856555,1,1931
44.57448462,-70.95875764,1,1932
44.58468854,-70.96360036,1,1933
44.5898342,-70.9568744,1,1934
44.590376,-70.95016716,1,1935
44.59459818,-70.93629483,1,1936
44.600453,-70.9221171,1,1937
44.60024042,-70.90670567,1,1938
44.60858417,-70.8965382,1,1939
44.61847739,-70.89329655,1,1940
44.62763954,-70.90075277,1,1941
44.63628441,-70.89589415,1,1942
44.64349901,-70.89031026,1,1943
44.6544031,-70.89743684,1,1944
44.66203406,-70.89606883,1,1945
44.66938627,-70.88732653,1,1946
44.67339769,-70.87114297,1,1947
44.67273923,-70.85789461,1,1948
44.67328017,-70.84053441,1,1949
44.68531308,-70.8384866,1,1950
44.69447967,-70.83270539,1,1951
44.70239425,-70.82144167,1,1952
44.71055147,-70.81665231,1,1953
44.71464806,-70.8086775,1,1954
44.71477578,-70.79374362,1,1955
44.72257597,-70.78448161,1,1956
44.73298126,-70.77885145,1,1957
44.74297943,-70.76929323,1,1958
44.75360161,-70.76824143,1,1959
44.76728934,-70.76852445,1,1960
44.77944292,-70.76887147,1,1961
44.79158812,-70.76959219,1,1962
44.80074807,-70.76381557,1,1963
44.81014516,-70.75800785,1,1964
44.8189653,-70.74871996,1,1965
44.82689522,-70.74155191,1,1966
44.83403821,-70.72970461,1,1967
44.83457093,-70.71650765,1,1968
44.84003495,-70.7039502,1,1969
44.84556714,-70.68793568,1,1970
44.8506497,-70.67073557,1,1971
44.84193691,-70.66404879,1,1972
44.84326427,-70.64960779,1,1973
44.84401474,-70.63226056,1,1974
44.84440107,-70.61622426,1,1975
44.85054794,-70.60124163,1,1976
44.85517972,-70.58845808,1,1977
44.8601837,-70.57705813,1,1978
44.86626041,-70.56112038,1,1979
44.87679358,-70.5567966,1,1980
44.88551962,-70.54386144,1,1981
44.89363762,-70.53504394,1,1982
44.90409645,-70.53114114,1,1983
44.91092987,-70.52538111,1,1984
44.92131178,-70.52390569,1,1985
44.92977027,-70.51220408,1,1986
44.94031593,-70.50076313,1,1987
44.94946948,-70.48978172,1,1988
44.95116841,-70.47353677,1,1989
44.95789921,-70.45860365,1,1990
44.96601076,-70.44807046,1,1991
44.97310651,-70.4351064,1,1992
44.9771298,-70.42090911,1,1993
44.97327076,-70.40634463,1,1994
44.97775511,-70.39148638,1,1995
44.97627753,-70.37440124,1,1996
44.97434464,-70.36195296,1,1997
44.98519199,-70.35104873,1,1998
44.9957518,-70.34053319,1,1999
45.00523017,-70.33377463,1,2000
45.01677151,-70.32618425,1,2001
45.02775557,-70.32295075,1,2002
45.03493418,-70.33487646,1,2003
45.0391378,-70.34350452,1,2004
45.04096659,-70.35957927,1,2005
45.0369024,-70.37265635,1,2006
45.04656387,-70.3807414,1,2007
45.0576963,-70.3798008,1,2008
45.06821187,-70.37463007,1,2009
45.08067737,-70.37438879,1,2010
45.09001316,-70.36191341,1,2011
45.10184949,-70.3586348,1,2012
45.11156294,-70.35023194,1,2013
45.12340868,-70.34896391,1,2014
45.13419833,-70.35085756,1,2015
45.14175702,-70.35026786,1,2016
45.14416673,-70.33414694,1,2017
45.14379011,-70.31961901,1,2018
45.14435746,-70.30151917,1,2019
45.14713891,-70.28450263,1,2020
45.1481999,-70.2662115,1,2021
45.14725289,-70.25528687,1,2022
45.14463356,-70.24577566,1,2023
45.14283358,-70.22965893,1,2024
45.13445617,-70.21802823,1,2025
45.13147548,-70.205481,1,2026
45.13742643,-70.19595495,1,2027
45.13428847,-70.18173828,1,2028
45.13600201,-70.16863117,1,2029
45.14675,-70.17093573,1,2030
45.15243023,-70.16671224,1,2031
45.15607015,-70.14968983,1,2032
45.16051819,-70.13330325,1,2033
45.1564455,-70.11690676,1,2034
45.15842317,-70.10056989,1,2035
45.16629799,-70.09265323,1,2036
45.17263087,-70.07790664,1,2037
45.17991517,-70.06792166,1,2038
45.18887454,-70.05622071,1,2039
45.19833164,-70.06141054,1,2040
45.20603317,-70.07302885,1,2041
45.215063,-70.07409967,1,2042
45.22296949,-70.07956692,1,2043
45.23239537,-70.07106796,1,2044
45.23948712,-70.05601891,1,2045
45.24078156,-70.03900142,1,2046
45.24167066,-70.02225753,1,2047
45.23560597,-70.00820238,1,2048
45.23911367,-69.99468189,1,2049
45.25003077,-69.98398706,1,2050
45.26016679,-69.97643392,1,2051
45.26828765,-69.96200262,1,2052
45.27354049,-69.94601267,1,2053
45.27310617,-69.92805883,1,2054
45.2720214,-69.90997076,1,2055
45.27204796,-69.89611767,1,2056
45.26459411,-69.88538304,1,2057
45.26107585,-69.87048952,1,2058
45.25494502,-69.85436163,1,2059
45.25083827,-69.83817297,1,2060
45.24816586,-69.82801403,1,2061
45.24931217,-69.81320093,1,2062
45.25659793,-69.80277834,1,2063
45.26326571,-69.79109202,1,2064
45.2641157,-69.77662169,1,2065
45.26794125,-69.76653101,1,2066
45.26885153,-69.75274938,1,2067
45.274782,-69.73672981,1,2068
45.28248806,-69.72713448,1,2069
45.27787359,-69.71420013,1,2070
45.27715514,-69.69636833,1,2071
45.27320185,-69.67895101,1,2072
45.27228894,-69.66381177,1,2073
45.2747294,-69.64924634,1,2074
45.27947045,-69.64007176,1,2075
45.28142153,-69.63121712,1,2076
45.28764204,-69.62039954,1,2077
45.28562003,-69.60330453,1,2078
45.28605103,-69.58813746,1,2079
45.28185541,-69.57202021,1,2080
45.28727868,-69.55535527,1,2081
45.29054705,-69.53901703,1,2082
45.30227756,-69.54255386,1,2083
45.31488591,-69.5465797,1,2084
45.32630162,-69.53925486,1,2085
45.33623695,-69.52944302,1,2086
45.34191886,-69.51467625,1,2087
45.34782967,-69.50274536,1,2088
45.35291506,-69.48835044,1,2089
45.35563968,-69.47533083,1,2090
45.36402397,-69.46563372,1,2091
45.37414525,-69.47102659,1,2092
45.38088695,-69.46809693,1,2093
45.38686297,-69.46773276,1,2094
45.39746756,-69.46927136,1,2095
45.40011872,-69.45589879,1,2096
45.40053235,-69.43808295,1,2097
45.41026565,-69.43786673,1,2098
45.42046757,-69.43064764,1,2099
45.41954043,-69.4171756,1,2100
45.41472055,-69.4082077,1,2101
45.41594339,-69.3950567,1,2102
45.4161853,-69.37676767,1,2103
45.419245,-69.36059408,1,2104
45.4240617,-69.34336448,1,2105
45.4306833,-69.32909367,1,2106
45.43521438,-69.31405932,1,2107
45.44292796,-69.30411768,1,2108
45.44703495,-69.29153831,1,2109
45.44983453,-69.27464804,1,2110
45.45318482,-69.26230648,1,2111
45.45996917,-69.2558163,1,2112
45.46547491,-69.26737872,1,2113
45.46876501,-69.28453147,1,2114
45.47533487,-69.29322368,1,2115
45.479098,-69.29463928,1,2116
45.48791599,-69.3033912,1,2117
45.49778432,-69.31357758,1,2118
45.5094023,-69.32132815,1,2119
45.52193622,-69.32085546,1,2120
45.53285651,-69.31602477,1,2121
45.54281959,-69.3177259,1,2122
45.54445074,-69.30094927,1,2123
45.54939339,-69.28638145,1,2124
45.55345186,-69.26910752,1,2125
45.55776947,-69.25445869,1,2126
45.5575235,-69.24052614,1,2127
45.56268675,-69.23339279,1,2128
45.57401007,-69.22503838,1,2129
45.58279126,-69.21665318,1,2130
45.5918724,-69.20270064,1,2131
45.59971783,-69.19015241,1,2132
45.60674668,-69.17762226,1,2133
45.61491144,-69.16318202,1,2134
45.61501793,-69.14862821,1,2135
45.61605544,-69.133015,1,2136
45.62267134,-69.12232264,1,2137
45.62814983,-69.10787347,1,2138
45.63719396,-69.09438335,1,2139
45.64526956,-69.07998553,1,2140
45.64825957,-69.06292514,1,2141
45.65163146,-69.05001212,1,2142
45.65078987,-69.03372679,1,2143
45.65101666,-69.01642456,1,2144
45.65735248,-69.00164944,1,2145
45.66430493,-68.99055599,1,2146
45.67475359,-68.99909689,1,2147
45.68003035,-69.01575016,1,2148
45.68602039,-69.01293018,1,2149
45.69718871,-69.00697253,1,2150
45.70908821,-69.0117056,1,2151
45.71676011,-69.02220387,1,2152
45.72669103,-69.02901571,1,2153
45.73461368,-69.03777637,1,2154
45.73537185,-69.05492903,1,2155
45.73426523,-69.07344831,1,2156
45.73137992,-69.08949519,1,2157
45.73721895,-69.10559572,1,2158
45.73689027,-69.12322253,1,2159
45.74325119,-69.13437211,1,2160
45.75064869,-69.14815082,1,2161
45.75535021,-69.16010478,1,2162
45.76016881,-69.16504701,1,2163
45.76658289,-69.17948009,1,2164
45.77336506,-69.18494638,1,2165
45.77954202,-69.17316721,1,2166
45.78535067,-69.16179761,1,2167
45.79693098,-69.1637122,1,2168
45.80585299,-69.17164955,1,2169
45.81726277,-69.16585703,1,2170
45.81856003,-69.14920066,1,2171
45.82346214,-69.13323733,1,2172
45.82064941,-69.11646745,1,2173
45.81664963,-69.09974972,1,2174
45.80708958,-69.08668946,1,2175
45.80676384,-69.07028916,1,2176
45.81520648,-69.05898715,1,2177
45.81826315,-69.042736,1,2178
45.81833026,-69.0248377,1,2179
45.81934757,-69.0071031,1,2180
45.82359695,-68.99026301,1,2181
45.82992674,-68.97511718,1,2182
45.83522731,-68.96165231,1,2183
45.83808888,-68.9726621,1,2184
45.84070537,-68.98911617,1,2185
45.84382335,-69.00671778,1,2186
45.85057697,-69.02024485,1,2187
45.85698813,-69.0317281,1,2188
45.86806552,-69.03580807,1,2189
45.88008488,-69.03424628,1,2190
45.88253204,-69.01932516,1,2191
45.8811218,-69.0021168,1,2192
45.89151712,-68.99322048,1,2193
45.89628051,-68.97688293,1,2194
45.89838469,-68.96008932,1,2195
45.89949241,-68.94501628,1,2196
45.90196752,-68.9278666,1,2197
